column,nulls,max,min,mean,median,mode
PassengerId,0,891,1,446.0,446,891
Survived,0,1,0,0.3838383838383838,0,1
Pclass,0,3,1,2.308641975308642,3,2
Name,0,,,,,Dooley- Mr. Patrick
Sex,0,,,,,female
Age,0,80.0,0.42,39.69154882154882,32.0,74.0
SibSp,0,8,0,0.5230078563411896,0,8
Parch,0,6,0,0.38159371492704824,0,6
Ticket,0,,,,,370376
Fare,0,512.3292,0.0,32.2042079685746,14.4542,10.5167
Cabin,0,,,,,B42
Embarked,0,,,,,Q
