column,nulls,max,min,mean,median,mode
PassengerId,0,891,1,446.0,446,891
Survived,0,1,0,0.3838383838383838,0,1
Pclass,0,3,1,2.308641975308642,3,2
Name,0,,,,,
Sex,0,,,,,
Age,177,80.0,0.42,29.69911764705882,28.0,74.0
SibSp,0,8,0,0.5230078563411896,0,8
Parch,0,6,0,0.38159371492704824,0,6
Ticket,0,,,,,
Fare,0,512.3292,0.0,32.2042079685746,14.4542,10.5167
Cabin,687,,,,,
Embarked,2,,,,,
